5039,,,,,,-315619200000,-315619200000,"Fri 1 Jan 1960, 00:00 GMT",,741,Malaysia,MAS,772,Thailand,THA,0,0,C,D,,,,,,,,"{""matchId"":5039,""time"":{""millis"":-315619200000,""label"":""Fri 1 Jan 1960, 00:00 GMT""},""teams"":[{""id"":741,""name"":""Malaysia"",""abbreviation"":""MAS""},{""id"":772,""name"":""Thailand"",""abbreviation"":""THA""}],""scores"":[0,0],""status"":""C"",""outcome"":""D"",""events"":[]}"
8069,,,,,,-315619200000,-315619200000,"Fri 1 Jan 1960, 00:00 GMT",,741,Malaysia,MAS,772,Thailand,THA,0,0,C,D,,,,,,,,"{""matchId"":8069,""time"":{""millis"":-315619200000,""label"":""Fri 1 Jan 1960, 00:00 GMT""},""teams"":[{""id"":741,""name"":""Malaysia"",""abbreviation"":""MAS""},{""id"":772,""name"":""Thailand"",""abbreviation"":""THA""}],""scores"":[0,0],""status"":""C"",""outcome"":""D"",""events"":[]}"
1288,,7,Murrayfield,Edinburgh,Scotland,-314928000000,-314928000000,"Sat 9 Jan 1960, 00:00 GMT",60000,35,Scotland,SCO,42,France,FRA,11,13,C,B,187,1960 Five Nations,mru,-315619200000,1960-01-01,-283996801000,1960-12-31,"{""matchId"":1288,""venue"":{""id"":7,""name"":""Murrayfield"",""city"":""Edinburgh"",""country"":""Scotland""},""time"":{""millis"":-314928000000,""label"":""Sat 9 Jan 1960, 00:00 GMT""},""attendance"":60000,""teams"":[{""id"":35,""name"":""Scotland"",""abbreviation"":""SCO""},{""id"":42,""name"":""France"",""abbreviation"":""FRA""}],""scores"":[11,13],""status"":""C"",""outcome"":""B"",""events"":[{""id"":187,""label"":""1960 Five Nations"",""sport"":""mru"",""start"":{""millis"":-315619200000,""label"":""1960-01-01""},""end"":{""millis"":-283996801000,""label"":""1960-12-31""}}]}"
488,,3,Twickenham,London,England,-314271000000,-314271000000,"Sat 16 Jan 1960, 14:30 GMT",,34,England,ENG,33,Wales,WAL,14,6,C,A,187,1960 Five Nations,mru,-315619200000,1960-01-01,-283996801000,1960-12-31,"{""matchId"":488,""venue"":{""id"":3,""name"":""Twickenham"",""city"":""London"",""country"":""England""},""time"":{""millis"":-314271000000,""label"":""Sat 16 Jan 1960, 14:30 GMT""},""teams"":[{""id"":34,""name"":""England"",""abbreviation"":""ENG""},{""id"":33,""name"":""Wales"",""abbreviation"":""WAL""}],""scores"":[14,6],""status"":""C"",""outcome"":""A"",""events"":[{""id"":187,""label"":""1960 Five Nations"",""sport"":""mru"",""start"":{""millis"":-315619200000,""label"":""1960-01-01""},""end"":{""millis"":-283996801000,""label"":""1960-12-31""}}]}"
489,,2,Cardiff Arms Park,Cardiff,Wales,-312455700000,-312455700000,"Sat 6 Feb 1960, 14:45 GMT",,33,Wales,WAL,35,Scotland,SCO,8,0,C,A,187,1960 Five Nations,mru,-315619200000,1960-01-01,-283996801000,1960-12-31,"{""matchId"":489,""venue"":{""id"":2,""name"":""Cardiff Arms Park"",""city"":""Cardiff"",""country"":""Wales""},""time"":{""millis"":-312455700000,""label"":""Sat 6 Feb 1960, 14:45 GMT""},""teams"":[{""id"":33,""name"":""Wales"",""abbreviation"":""WAL""},{""id"":35,""name"":""Scotland"",""abbreviation"":""SCO""}],""scores"":[8,0],""status"":""C"",""outcome"":""A"",""events"":[{""id"":187,""label"":""1960 Five Nations"",""sport"":""mru"",""start"":{""millis"":-315619200000,""label"":""1960-01-01""},""end"":{""millis"":-283996801000,""label"":""1960-12-31""}}]}"
944,,3,Twickenham,London,England,-311850900000,-311850900000,"Sat 13 Feb 1960, 14:45 GMT",,34,England,ENG,36,Ireland,IRE,8,5,C,A,187,1960 Five Nations,mru,-315619200000,1960-01-01,-283996801000,1960-12-31,"{""matchId"":944,""venue"":{""id"":3,""name"":""Twickenham"",""city"":""London"",""country"":""England""},""time"":{""millis"":-311850900000,""label"":""Sat 13 Feb 1960, 14:45 GMT""},""teams"":[{""id"":34,""name"":""England"",""abbreviation"":""ENG""},{""id"":36,""name"":""Ireland"",""abbreviation"":""IRE""}],""scores"":[8,5],""status"":""C"",""outcome"":""A"",""events"":[{""id"":187,""label"":""1960 Five Nations"",""sport"":""mru"",""start"":{""millis"":-315619200000,""label"":""1960-01-01""},""end"":{""millis"":-283996801000,""label"":""1960-12-31""}}]}"
945,,34,Stade Colombes,Paris,France,-310694400000,-310694400000,"Sat 27 Feb 1960, 00:00 GMT",35350,42,France,FRA,34,England,ENG,3,3,C,D,187,1960 Five Nations,mru,-315619200000,1960-01-01,-283996801000,1960-12-31,"{""matchId"":945,""venue"":{""id"":34,""name"":""Stade Colombes"",""city"":""Paris"",""country"":""France""},""time"":{""millis"":-310694400000,""label"":""Sat 27 Feb 1960, 00:00 GMT""},""attendance"":35350,""teams"":[{""id"":42,""name"":""France"",""abbreviation"":""FRA""},{""id"":34,""name"":""England"",""abbreviation"":""ENG""}],""scores"":[3,3],""status"":""C"",""outcome"":""D"",""events"":[{""id"":187,""label"":""1960 Five Nations"",""sport"":""mru"",""start"":{""millis"":-315619200000,""label"":""1960-01-01""},""end"":{""millis"":-283996801000,""label"":""1960-12-31""}}]}"
1289,,4,Lansdowne Road,Dublin,Ireland,-310694400000,-310694400000,"Sat 27 Feb 1960, 00:00 GMT",,36,Ireland,IRE,35,Scotland,SCO,5,6,C,B,187,1960 Five Nations,mru,-315619200000,1960-01-01,-283996801000,1960-12-31,"{""matchId"":1289,""venue"":{""id"":4,""name"":""Lansdowne Road"",""city"":""Dublin"",""country"":""Ireland""},""time"":{""millis"":-310694400000,""label"":""Sat 27 Feb 1960, 00:00 GMT""},""teams"":[{""id"":36,""name"":""Ireland"",""abbreviation"":""IRE""},{""id"":35,""name"":""Scotland"",""abbreviation"":""SCO""}],""scores"":[5,6],""status"":""C"",""outcome"":""B"",""events"":[{""id"":187,""label"":""1960 Five Nations"",""sport"":""mru"",""start"":{""millis"":-315619200000,""label"":""1960-01-01""},""end"":{""millis"":-283996801000,""label"":""1960-12-31""}}]}"
490,,4,Lansdowne Road,Dublin,Ireland,-309430800000,-309430800000,"Sat 12 Mar 1960, 15:00 GMT",,36,Ireland,IRE,33,Wales,WAL,9,10,C,B,187,1960 Five Nations,mru,-315619200000,1960-01-01,-283996801000,1960-12-31,"{""matchId"":490,""venue"":{""id"":4,""name"":""Lansdowne Road"",""city"":""Dublin"",""country"":""Ireland""},""time"":{""millis"":-309430800000,""label"":""Sat 12 Mar 1960, 15:00 GMT""},""teams"":[{""id"":36,""name"":""Ireland"",""abbreviation"":""IRE""},{""id"":33,""name"":""Wales"",""abbreviation"":""WAL""}],""scores"":[9,10],""status"":""C"",""outcome"":""B"",""events"":[{""id"":187,""label"":""1960 Five Nations"",""sport"":""mru"",""start"":{""millis"":-315619200000,""label"":""1960-01-01""},""end"":{""millis"":-283996801000,""label"":""1960-12-31""}}]}"
946,,7,Murrayfield,Edinburgh,Scotland,-308826000000,-308826000000,"Sat 19 Mar 1960, 15:00 GMT",,35,Scotland,SCO,34,England,ENG,12,21,C,B,187,1960 Five Nations,mru,-315619200000,1960-01-01,-283996801000,1960-12-31,"{""matchId"":946,""venue"":{""id"":7,""name"":""Murrayfield"",""city"":""Edinburgh"",""country"":""Scotland""},""time"":{""millis"":-308826000000,""label"":""Sat 19 Mar 1960, 15:00 GMT""},""teams"":[{""id"":35,""name"":""Scotland"",""abbreviation"":""SCO""},{""id"":34,""name"":""England"",""abbreviation"":""ENG""}],""scores"":[12,21],""status"":""C"",""outcome"":""B"",""events"":[{""id"":187,""label"":""1960 Five Nations"",""sport"":""mru"",""start"":{""millis"":-315619200000,""label"":""1960-01-01""},""end"":{""millis"":-283996801000,""label"":""1960-12-31""}}]}"
491,,2,Cardiff Arms Park,Cardiff,Wales,-308221200000,-308221200000,"Sat 26 Mar 1960, 15:00 GMT",65000,33,Wales,WAL,42,France,FRA,8,16,C,B,187,1960 Five Nations,mru,-315619200000,1960-01-01,-283996801000,1960-12-31,"{""matchId"":491,""venue"":{""id"":2,""name"":""Cardiff Arms Park"",""city"":""Cardiff"",""country"":""Wales""},""time"":{""millis"":-308221200000,""label"":""Sat 26 Mar 1960, 15:00 GMT""},""attendance"":65000,""teams"":[{""id"":33,""name"":""Wales"",""abbreviation"":""WAL""},{""id"":42,""name"":""France"",""abbreviation"":""FRA""}],""scores"":[8,16],""status"":""C"",""outcome"":""B"",""events"":[{""id"":187,""label"":""1960 Five Nations"",""sport"":""mru"",""start"":{""millis"":-315619200000,""label"":""1960-01-01""},""end"":{""millis"":-283996801000,""label"":""1960-12-31""}}]}"
1290,,34,Stade Colombes,Paris,France,-307065600000,-307065600000,"Sat 9 Apr 1960, 00:00 GMT",30700,42,France,FRA,36,Ireland,IRE,23,6,C,A,187,1960 Five Nations,mru,-315619200000,1960-01-01,-283996801000,1960-12-31,"{""matchId"":1290,""venue"":{""id"":34,""name"":""Stade Colombes"",""city"":""Paris"",""country"":""France""},""time"":{""millis"":-307065600000,""label"":""Sat 9 Apr 1960, 00:00 GMT""},""attendance"":30700,""teams"":[{""id"":42,""name"":""France"",""abbreviation"":""FRA""},{""id"":36,""name"":""Ireland"",""abbreviation"":""IRE""}],""scores"":[23,6],""status"":""C"",""outcome"":""A"",""events"":[{""id"":187,""label"":""1960 Five Nations"",""sport"":""mru"",""start"":{""millis"":-315619200000,""label"":""1960-01-01""},""end"":{""millis"":-283996801000,""label"":""1960-12-31""}}]}"
3848,,,,,,-306979200000,-306979200000,"Sun 10 Apr 1960, 00:00 GMT",,721,Germany,GER,41,Italy,ITA,5,11,C,B,,,,,,,,"{""matchId"":3848,""time"":{""millis"":-306979200000,""label"":""Sun 10 Apr 1960, 00:00 GMT""},""teams"":[{""id"":721,""name"":""Germany"",""abbreviation"":""GER""},{""id"":41,""name"":""Italy"",""abbreviation"":""ITA""}],""scores"":[5,11],""status"":""C"",""outcome"":""B"",""events"":[]}"
2621,,,,,,-306374400000,-306374400000,"Sun 17 Apr 1960, 00:00 GMT",6000,41,Italy,ITA,42,France,FRA,0,26,C,B,,,,,,,,"{""matchId"":2621,""time"":{""millis"":-306374400000,""label"":""Sun 17 Apr 1960, 00:00 GMT""},""attendance"":6000,""teams"":[{""id"":41,""name"":""Italy"",""abbreviation"":""ITA""},{""id"":42,""name"":""France"",""abbreviation"":""FRA""}],""scores"":[0,26],""status"":""C"",""outcome"":""B"",""events"":[]}"
4815,,225,Ciudad Universitaria,Madrid,Spain,-306374400000,-306374400000,"Sun 17 Apr 1960, 00:00 GMT",,43,Spain,ESP,699,Belgium,BEL,21,0,C,A,,,,,,,,"{""matchId"":4815,""venue"":{""id"":225,""name"":""Ciudad Universitaria"",""city"":""Madrid"",""country"":""Spain""},""time"":{""millis"":-306374400000,""label"":""Sun 17 Apr 1960, 00:00 GMT""},""teams"":[{""id"":43,""name"":""Spain"",""abbreviation"":""ESP""},{""id"":699,""name"":""Belgium"",""abbreviation"":""BEL""}],""scores"":[21,0],""status"":""C"",""outcome"":""A"",""events"":[]}"
4816,,881,Estadi Municipal Foixarda,Barcelona,Spain,-305769600000,-305769600000,"Sun 24 Apr 1960, 00:00 GMT",,43,Spain,ESP,1166,West Germany,FRG,9,3,C,A,,,,,,,,"{""matchId"":4816,""venue"":{""id"":881,""name"":""Estadi Municipal Foixarda"",""city"":""Barcelona"",""country"":""Spain""},""time"":{""millis"":-305769600000,""label"":""Sun 24 Apr 1960, 00:00 GMT""},""teams"":[{""id"":43,""name"":""Spain"",""abbreviation"":""ESP""},{""id"":1166,""name"":""West Germany"",""abbreviation"":""FRG""}],""scores"":[9,3],""status"":""C"",""outcome"":""A"",""events"":[]}"
1937,,91,Boet Erasmus Stadium,Port Elizabeth,South Africa,-305251200000,-305251200000,"Sat 30 Apr 1960, 00:00 GMT",24000,39,South Africa,RSA,35,Scotland,SCO,18,10,C,A,318,1960 Scotland Tour of South Africa,mru,-315619200000,1960-01-01,-283996801000,1960-12-31,"{""matchId"":1937,""venue"":{""id"":91,""name"":""Boet Erasmus Stadium"",""city"":""Port Elizabeth"",""country"":""South Africa""},""time"":{""millis"":-305251200000,""label"":""Sat 30 Apr 1960, 00:00 GMT""},""attendance"":24000,""teams"":[{""id"":39,""name"":""South Africa"",""abbreviation"":""RSA""},{""id"":35,""name"":""Scotland"",""abbreviation"":""SCO""}],""scores"":[18,10],""status"":""C"",""outcome"":""A"",""events"":[{""id"":318,""label"":""1960 Scotland Tour of South Africa"",""sport"":""mru"",""start"":{""millis"":-315619200000,""label"":""1960-01-01""},""end"":{""millis"":-283996801000,""label"":""1960-12-31""}}]}"
4188,,215,Hoffe Park,Kimberley,South Africa,-304905600000,-304905600000,"Wed 4 May 1960, 00:00 GMT",,258,Griqualand West,,35,Scotland,SCO,11,21,C,B,318,1960 Scotland Tour of South Africa,mru,-315619200000,1960-01-01,-283996801000,1960-12-31,"{""matchId"":4188,""venue"":{""id"":215,""name"":""Hoffe Park"",""city"":""Kimberley"",""country"":""South Africa""},""time"":{""millis"":-304905600000,""label"":""Wed 4 May 1960, 00:00 GMT""},""teams"":[{""id"":258,""name"":""Griqualand West""},{""id"":35,""name"":""Scotland"",""abbreviation"":""SCO""}],""scores"":[11,21],""status"":""C"",""outcome"":""B"",""events"":[{""id"":318,""label"":""1960 Scotland Tour of South Africa"",""sport"":""mru"",""start"":{""millis"":-315619200000,""label"":""1960-01-01""},""end"":{""millis"":-283996801000,""label"":""1960-12-31""}}]}"
4189,,124,PAM Brink Stadium,Springs,South Africa,-304646400000,-304646400000,"Sat 7 May 1960, 00:00 GMT",,260,Eastern Transvaal,,35,Scotland,SCO,16,30,C,B,318,1960 Scotland Tour of South Africa,mru,-315619200000,1960-01-01,-283996801000,1960-12-31,"{""matchId"":4189,""venue"":{""id"":124,""name"":""PAM Brink Stadium"",""city"":""Springs"",""country"":""South Africa""},""time"":{""millis"":-304646400000,""label"":""Sat 7 May 1960, 00:00 GMT""},""teams"":[{""id"":260,""name"":""Eastern Transvaal""},{""id"":35,""name"":""Scotland"",""abbreviation"":""SCO""}],""scores"":[16,30],""status"":""C"",""outcome"":""B"",""events"":[{""id"":318,""label"":""1960 Scotland Tour of South Africa"",""sport"":""mru"",""start"":{""millis"":-315619200000,""label"":""1960-01-01""},""end"":{""millis"":-283996801000,""label"":""1960-12-31""}}]}"
7255,,82,Sydney Sports Ground,Sydney,Australia,-304041600000,-304041600000,"Sat 14 May 1960, 00:00 GMT",,400,Queensland,,37,New Zealand,NZL,3,32,C,B,626,1960 New Zealand Tour of South Africa & Australia,mru,-315619200000,1960-01-01,-283996801000,1960-12-31,"{""matchId"":7255,""venue"":{""id"":82,""name"":""Sydney Sports Ground"",""city"":""Sydney"",""country"":""Australia""},""time"":{""millis"":-304041600000,""label"":""Sat 14 May 1960, 00:00 GMT""},""teams"":[{""id"":400,""name"":""Queensland""},{""id"":37,""name"":""New Zealand"",""abbreviation"":""NZL""}],""scores"":[3,32],""status"":""C"",""outcome"":""B"",""events"":[{""id"":626,""label"":""1960 New Zealand Tour of South Africa & Australia"",""sport"":""mru"",""start"":{""millis"":-315619200000,""label"":""1960-01-01""},""end"":{""millis"":-283996801000,""label"":""1960-12-31""}}]}"
7256,,82,Sydney Sports Ground,Sydney,Australia,-304041600000,-304041600000,"Sat 14 May 1960, 00:00 GMT",,62,New South Wales,,37,New Zealand,NZL,0,27,C,B,626,1960 New Zealand Tour of South Africa & Australia,mru,-315619200000,1960-01-01,-283996801000,1960-12-31,"{""matchId"":7256,""venue"":{""id"":82,""name"":""Sydney Sports Ground"",""city"":""Sydney"",""country"":""Australia""},""time"":{""millis"":-304041600000,""label"":""Sat 14 May 1960, 00:00 GMT""},""teams"":[{""id"":62,""name"":""New South Wales""},{""id"":37,""name"":""New Zealand"",""abbreviation"":""NZL""}],""scores"":[0,27],""status"":""C"",""outcome"":""B"",""events"":[{""id"":626,""label"":""1960 New Zealand Tour of South Africa & Australia"",""sport"":""mru"",""start"":{""millis"":-315619200000,""label"":""1960-01-01""},""end"":{""millis"":-283996801000,""label"":""1960-12-31""}}]}"
7257,,496,Wade Park,Orange,Australia,-303782400000,-303782400000,"Tue 17 May 1960, 00:00 GMT",,2117,Victoria / South Australia,,37,New Zealand,NZL,6,30,C,B,626,1960 New Zealand Tour of South Africa & Australia,mru,-315619200000,1960-01-01,-283996801000,1960-12-31,"{""matchId"":7257,""venue"":{""id"":496,""name"":""Wade Park"",""city"":""Orange"",""country"":""Australia""},""time"":{""millis"":-303782400000,""label"":""Tue 17 May 1960, 00:00 GMT""},""teams"":[{""id"":2117,""name"":""Victoria / South Australia""},{""id"":37,""name"":""New Zealand"",""abbreviation"":""NZL""}],""scores"":[6,30],""status"":""C"",""outcome"":""B"",""events"":[{""id"":626,""label"":""1960 New Zealand Tour of South Africa & Australia"",""sport"":""mru"",""start"":{""millis"":-315619200000,""label"":""1960-01-01""},""end"":{""millis"":-283996801000,""label"":""1960-12-31""}}]}"
7258,,496,Wade Park,Orange,Australia,-303782400000,-303782400000,"Tue 17 May 1960, 00:00 GMT",,397,New South Wales Country,,37,New Zealand,NZL,6,38,C,B,626,1960 New Zealand Tour of South Africa & Australia,mru,-315619200000,1960-01-01,-283996801000,1960-12-31,"{""matchId"":7258,""venue"":{""id"":496,""name"":""Wade Park"",""city"":""Orange"",""country"":""Australia""},""time"":{""millis"":-303782400000,""label"":""Tue 17 May 1960, 00:00 GMT""},""teams"":[{""id"":397,""name"":""New South Wales Country""},{""id"":37,""name"":""New Zealand"",""abbreviation"":""NZL""}],""scores"":[6,38],""status"":""C"",""outcome"":""B"",""events"":[{""id"":626,""label"":""1960 New Zealand Tour of South Africa & Australia"",""sport"":""mru"",""start"":{""millis"":-315619200000,""label"":""1960-01-01""},""end"":{""millis"":-283996801000,""label"":""1960-12-31""}}]}"
3653,,50,Teufaiva Stadium,Nuku'alofa,Tonga,-303436800000,-303436800000,"Sat 21 May 1960, 00:00 GMT",,47,Tonga,TGA,53,New Zealand Maori,MAB,27,16,C,A,716,1960 New Zealand Maori Tour of Tonga & Western Samoa,mru,-315619200000,1960-01-01,-283996801000,1960-12-31,"{""matchId"":3653,""venue"":{""id"":50,""name"":""Teufaiva Stadium"",""city"":""Nuku'alofa"",""country"":""Tonga""},""time"":{""millis"":-303436800000,""label"":""Sat 21 May 1960, 00:00 GMT""},""teams"":[{""id"":47,""name"":""Tonga"",""abbreviation"":""TGA""},{""id"":53,""name"":""New Zealand Maori"",""abbreviation"":""MAB""}],""scores"":[27,16],""status"":""C"",""outcome"":""A"",""events"":[{""id"":716,""label"":""1960 New Zealand Maori Tour of Tonga & Western Samoa"",""sport"":""mru"",""start"":{""millis"":-315619200000,""label"":""1960-01-01""},""end"":{""millis"":-283996801000,""label"":""1960-12-31""}}]}"
7259,,582,Leederville Oval,Perth,Australia,-303436800000,-303436800000,"Sat 21 May 1960, 00:00 GMT",,1140,Western Australia,,37,New Zealand,NZL,0,57,C,B,626,1960 New Zealand Tour of South Africa & Australia,mru,-315619200000,1960-01-01,-283996801000,1960-12-31,"{""matchId"":7259,""venue"":{""id"":582,""name"":""Leederville Oval"",""city"":""Perth"",""country"":""Australia""},""time"":{""millis"":-303436800000,""label"":""Sat 21 May 1960, 00:00 GMT""},""teams"":[{""id"":1140,""name"":""Western Australia""},{""id"":37,""name"":""New Zealand"",""abbreviation"":""NZL""}],""scores"":[0,57],""status"":""C"",""outcome"":""B"",""events"":[{""id"":626,""label"":""1960 New Zealand Tour of South Africa & Australia"",""sport"":""mru"",""start"":{""millis"":-315619200000,""label"":""1960-01-01""},""end"":{""millis"":-283996801000,""label"":""1960-12-31""}}]}"
2694,,,,,,-303350400000,-303350400000,"Sun 22 May 1960, 00:00 GMT",,753,Poland,POL,52,Romania,ROM,0,6,C,B,,,,,,,,"{""matchId"":2694,""time"":{""millis"":-303350400000,""label"":""Sun 22 May 1960, 00:00 GMT""},""teams"":[{""id"":753,""name"":""Poland"",""abbreviation"":""POL""},{""id"":52,""name"":""Romania"",""abbreviation"":""ROM""}],""scores"":[0,6],""status"":""C"",""outcome"":""B"",""events"":[]}"
5102,,,,,,-303350400000,-303350400000,"Sun 22 May 1960, 00:00 GMT",,1165,East Germany,EGR,1211,Czechoslovakia,TCH,0,9,C,B,816,1960 Victory Cup,mru,-315619200000,1960-01-01,-283996801000,1960-12-31,"{""matchId"":5102,""time"":{""millis"":-303350400000,""label"":""Sun 22 May 1960, 00:00 GMT""},""teams"":[{""id"":1165,""name"":""East Germany"",""abbreviation"":""EGR""},{""id"":1211,""name"":""Czechoslovakia"",""abbreviation"":""TCH""}],""scores"":[0,9],""status"":""C"",""outcome"":""B"",""events"":[{""id"":816,""label"":""1960 Victory Cup"",""sport"":""mru"",""start"":{""millis"":-315619200000,""label"":""1960-01-01""},""end"":{""millis"":-283996801000,""label"":""1960-12-31""}}]}"
2693,,,,,,-303177600000,-303177600000,"Tue 24 May 1960, 00:00 GMT",,1165,East Germany,EGR,52,Romania,ROM,0,5,C,B,,,,,,,,"{""matchId"":2693,""time"":{""millis"":-303177600000,""label"":""Tue 24 May 1960, 00:00 GMT""},""teams"":[{""id"":1165,""name"":""East Germany"",""abbreviation"":""EGR""},{""id"":52,""name"":""Romania"",""abbreviation"":""ROM""}],""scores"":[0,5],""status"":""C"",""outcome"":""B"",""events"":[]}"
8763,,,,,,-303177600000,-303177600000,"Tue 24 May 1960, 00:00 GMT",,1211,Czechoslovakia,TCH,753,Poland,POL,6,5,C,A,,,,,,,,"{""matchId"":8763,""time"":{""millis"":-303177600000,""label"":""Tue 24 May 1960, 00:00 GMT""},""teams"":[{""id"":1211,""name"":""Czechoslovakia"",""abbreviation"":""TCH""},{""id"":753,""name"":""Poland"",""abbreviation"":""POL""}],""scores"":[6,5],""status"":""C"",""outcome"":""A"",""events"":[]}"
2692,,,,,,-303004800000,-303004800000,"Thu 26 May 1960, 00:00 GMT",,1211,Czechoslovakia,TCH,52,Romania,ROM,3,13,C,B,,,,,,,,"{""matchId"":2692,""time"":{""millis"":-303004800000,""label"":""Thu 26 May 1960, 00:00 GMT""},""teams"":[{""id"":1211,""name"":""Czechoslovakia"",""abbreviation"":""TCH""},{""id"":52,""name"":""Romania"",""abbreviation"":""ROM""}],""scores"":[3,13],""status"":""C"",""outcome"":""B"",""events"":[]}"
7260,,214,Olen Park,Potchefstroom,South Africa,-302832000000,-302832000000,"Sat 28 May 1960, 00:00 GMT",,1961,Northern Universities,,37,New Zealand,NZL,6,45,C,B,626,1960 New Zealand Tour of South Africa & Australia,mru,-315619200000,1960-01-01,-283996801000,1960-12-31,"{""matchId"":7260,""venue"":{""id"":214,""name"":""Olen Park"",""city"":""Potchefstroom"",""country"":""South Africa""},""time"":{""millis"":-302832000000,""label"":""Sat 28 May 1960, 00:00 GMT""},""teams"":[{""id"":1961,""name"":""Northern Universities""},{""id"":37,""name"":""New Zealand"",""abbreviation"":""NZL""}],""scores"":[6,45],""status"":""C"",""outcome"":""B"",""events"":[{""id"":626,""label"":""1960 New Zealand Tour of South Africa & Australia"",""sport"":""mru"",""start"":{""millis"":-315619200000,""label"":""1960-01-01""},""end"":{""millis"":-283996801000,""label"":""1960-12-31""}}]}"
7261,,61,King's Park,Durban,South Africa,-302572800000,-302572800000,"Tue 31 May 1960, 00:00 GMT",,256,Natal Sharks,,37,New Zealand,NZL,6,6,C,D,626,1960 New Zealand Tour of South Africa & Australia,mru,-315619200000,1960-01-01,-283996801000,1960-12-31,"{""matchId"":7261,""venue"":{""id"":61,""name"":""King's Park"",""city"":""Durban"",""country"":""South Africa""},""time"":{""millis"":-302572800000,""label"":""Tue 31 May 1960, 00:00 GMT""},""teams"":[{""id"":256,""name"":""Natal Sharks""},{""id"":37,""name"":""New Zealand"",""abbreviation"":""NZL""}],""scores"":[6,6],""status"":""C"",""outcome"":""D"",""events"":[{""id"":626,""label"":""1960 New Zealand Tour of South Africa & Australia"",""sport"":""mru"",""start"":{""millis"":-315619200000,""label"":""1960-01-01""},""end"":{""millis"":-283996801000,""label"":""1960-12-31""}}]}"
4896,,299,Apia Park,Apia,Samoa,-302227200000,-302227200000,"Sat 4 Jun 1960, 00:00 GMT",,45,Samoa,SAM,53,New Zealand Maori,MAB,6,28,C,B,716,1960 New Zealand Maori Tour of Tonga & Western Samoa,mru,-315619200000,1960-01-01,-283996801000,1960-12-31,"{""matchId"":4896,""venue"":{""id"":299,""name"":""Apia Park"",""city"":""Apia"",""country"":""Samoa""},""time"":{""millis"":-302227200000,""label"":""Sat 4 Jun 1960, 00:00 GMT""},""teams"":[{""id"":45,""name"":""Samoa"",""abbreviation"":""SAM""},{""id"":53,""name"":""New Zealand Maori"",""abbreviation"":""MAB""}],""scores"":[6,28],""status"":""C"",""outcome"":""B"",""events"":[{""id"":716,""label"":""1960 New Zealand Maori Tour of Tonga & Western Samoa"",""sport"":""mru"",""start"":{""millis"":-315619200000,""label"":""1960-01-01""},""end"":{""millis"":-283996801000,""label"":""1960-12-31""}}]}"
7262,,255,de Beers Stadium,Kimberley,South Africa,-302227200000,-302227200000,"Sat 4 Jun 1960, 00:00 GMT",,258,Griqualand West,,37,New Zealand,NZL,9,21,C,B,626,1960 New Zealand Tour of South Africa & Australia,mru,-315619200000,1960-01-01,-283996801000,1960-12-31,"{""matchId"":7262,""venue"":{""id"":255,""name"":""de Beers Stadium"",""city"":""Kimberley"",""country"":""South Africa""},""time"":{""millis"":-302227200000,""label"":""Sat 4 Jun 1960, 00:00 GMT""},""teams"":[{""id"":258,""name"":""Griqualand West""},{""id"":37,""name"":""New Zealand"",""abbreviation"":""NZL""}],""scores"":[9,21],""status"":""C"",""outcome"":""B"",""events"":[{""id"":626,""label"":""1960 New Zealand Tour of South Africa & Australia"",""sport"":""mru"",""start"":{""millis"":-315619200000,""label"":""1960-01-01""},""end"":{""millis"":-283996801000,""label"":""1960-12-31""}}]}"
2592,,,,,,-302140800000,-302140800000,"Sun 5 Jun 1960, 00:00 GMT",55000,52,Romania,ROM,42,France,FRA,11,5,C,A,,,,,,,,"{""matchId"":2592,""time"":{""millis"":-302140800000,""label"":""Sun 5 Jun 1960, 00:00 GMT""},""attendance"":55000,""teams"":[{""id"":52,""name"":""Romania"",""abbreviation"":""ROM""},{""id"":42,""name"":""France"",""abbreviation"":""FRA""}],""scores"":[11,5],""status"":""C"",""outcome"":""A"",""events"":[]}"
7263,,71,National Stadium,Windhoek,Namibia,-301881600000,-301881600000,"Wed 8 Jun 1960, 00:00 GMT",,580,South West Africa,,37,New Zealand,NZL,3,27,C,B,626,1960 New Zealand Tour of South Africa & Australia,mru,-315619200000,1960-01-01,-283996801000,1960-12-31,"{""matchId"":7263,""venue"":{""id"":71,""name"":""National Stadium"",""city"":""Windhoek"",""country"":""Namibia""},""time"":{""millis"":-301881600000,""label"":""Wed 8 Jun 1960, 00:00 GMT""},""teams"":[{""id"":580,""name"":""South West Africa""},{""id"":37,""name"":""New Zealand"",""abbreviation"":""NZL""}],""scores"":[3,27],""status"":""C"",""outcome"":""B"",""events"":[{""id"":626,""label"":""1960 New Zealand Tour of South Africa & Australia"",""sport"":""mru"",""start"":{""millis"":-315619200000,""label"":""1960-01-01""},""end"":{""millis"":-283996801000,""label"":""1960-12-31""}}]}"
4895,,299,Apia Park,Apia,Samoa,-301622400000,-301622400000,"Sat 11 Jun 1960, 00:00 GMT",,45,Samoa,SAM,53,New Zealand Maori,MAB,5,31,C,B,716,1960 New Zealand Maori Tour of Tonga & Western Samoa,mru,-315619200000,1960-01-01,-283996801000,1960-12-31,"{""matchId"":4895,""venue"":{""id"":299,""name"":""Apia Park"",""city"":""Apia"",""country"":""Samoa""},""time"":{""millis"":-301622400000,""label"":""Sat 11 Jun 1960, 00:00 GMT""},""teams"":[{""id"":45,""name"":""Samoa"",""abbreviation"":""SAM""},{""id"":53,""name"":""New Zealand Maori"",""abbreviation"":""MAB""}],""scores"":[5,31],""status"":""C"",""outcome"":""B"",""events"":[{""id"":716,""label"":""1960 New Zealand Maori Tour of Tonga & Western Samoa"",""sport"":""mru"",""start"":{""millis"":-315619200000,""label"":""1960-01-01""},""end"":{""millis"":-283996801000,""label"":""1960-12-31""}}]}"
7264,,203,Boland Park,Wellington,South Africa,-301622400000,-301622400000,"Sat 11 Jun 1960, 00:00 GMT",,259,Boland,,346,Wellington,,0,16,C,B,626,1960 New Zealand Tour of South Africa & Australia,mru,-315619200000,1960-01-01,-283996801000,1960-12-31,"{""matchId"":7264,""venue"":{""id"":203,""name"":""Boland Park"",""city"":""Wellington"",""country"":""South Africa""},""time"":{""millis"":-301622400000,""label"":""Sat 11 Jun 1960, 00:00 GMT""},""teams"":[{""id"":259,""name"":""Boland""},{""id"":346,""name"":""Wellington""}],""scores"":[0,16],""status"":""C"",""outcome"":""B"",""events"":[{""id"":626,""label"":""1960 New Zealand Tour of South Africa & Australia"",""sport"":""mru"",""start"":{""millis"":-315619200000,""label"":""1960-01-01""},""end"":{""millis"":-283996801000,""label"":""1960-12-31""}}]}"
7265,,85,Newlands Stadium,Cape Town,South Africa,-301276800000,-301276800000,"Wed 15 Jun 1960, 00:00 GMT",,1723,Western Province Universities,,37,New Zealand,NZL,3,14,C,B,626,1960 New Zealand Tour of South Africa & Australia,mru,-315619200000,1960-01-01,-283996801000,1960-12-31,"{""matchId"":7265,""venue"":{""id"":85,""name"":""Newlands Stadium"",""city"":""Cape Town"",""country"":""South Africa""},""time"":{""millis"":-301276800000,""label"":""Wed 15 Jun 1960, 00:00 GMT""},""teams"":[{""id"":1723,""name"":""Western Province Universities""},{""id"":37,""name"":""New Zealand"",""abbreviation"":""NZL""}],""scores"":[3,14],""status"":""C"",""outcome"":""B"",""events"":[{""id"":626,""label"":""1960 New Zealand Tour of South Africa & Australia"",""sport"":""mru"",""start"":{""millis"":-315619200000,""label"":""1960-01-01""},""end"":{""millis"":-283996801000,""label"":""1960-12-31""}}]}"
7266,,60,Loftus Versfeld,Pretoria,South Africa,-301017600000,-301017600000,"Sat 18 Jun 1960, 00:00 GMT",,411,Northern Transvaal,,37,New Zealand,NZL,3,27,C,B,626,1960 New Zealand Tour of South Africa & Australia,mru,-315619200000,1960-01-01,-283996801000,1960-12-31,"{""matchId"":7266,""venue"":{""id"":60,""name"":""Loftus Versfeld"",""city"":""Pretoria"",""country"":""South Africa""},""time"":{""millis"":-301017600000,""label"":""Sat 18 Jun 1960, 00:00 GMT""},""teams"":[{""id"":411,""name"":""Northern Transvaal""},{""id"":37,""name"":""New Zealand"",""abbreviation"":""NZL""}],""scores"":[3,27],""status"":""C"",""outcome"":""B"",""events"":[{""id"":626,""label"":""1960 New Zealand Tour of South Africa & Australia"",""sport"":""mru"",""start"":{""millis"":-315619200000,""label"":""1960-01-01""},""end"":{""millis"":-283996801000,""label"":""1960-12-31""}}]}"
1752,,37,Ellis Park,Johannesburg,South Africa,-300412800000,-300412800000,"Sat 25 Jun 1960, 00:00 GMT",75000,39,South Africa,RSA,37,New Zealand,NZL,13,0,C,A,626,1960 New Zealand Tour of South Africa & Australia,mru,-315619200000,1960-01-01,-283996801000,1960-12-31,"{""matchId"":1752,""venue"":{""id"":37,""name"":""Ellis Park"",""city"":""Johannesburg"",""country"":""South Africa""},""time"":{""millis"":-300412800000,""label"":""Sat 25 Jun 1960, 00:00 GMT""},""attendance"":75000,""teams"":[{""id"":39,""name"":""South Africa"",""abbreviation"":""RSA""},{""id"":37,""name"":""New Zealand"",""abbreviation"":""NZL""}],""scores"":[13,0],""status"":""C"",""outcome"":""A"",""events"":[{""id"":626,""label"":""1960 New Zealand Tour of South Africa & Australia"",""sport"":""mru"",""start"":{""millis"":-315619200000,""label"":""1960-01-01""},""end"":{""millis"":-283996801000,""label"":""1960-12-31""}}]}"
7267,,583,Rhokana Ground,Kitwe,Zimbabwe,-300067200000,-300067200000,"Wed 29 Jun 1960, 00:00 GMT",,578,Rhodesia,RHO,37,New Zealand,NZL,9,13,C,B,626,1960 New Zealand Tour of South Africa & Australia,mru,-315619200000,1960-01-01,-283996801000,1960-12-31,"{""matchId"":7267,""venue"":{""id"":583,""name"":""Rhokana Ground"",""city"":""Kitwe"",""country"":""Zimbabwe""},""time"":{""millis"":-300067200000,""label"":""Wed 29 Jun 1960, 00:00 GMT""},""teams"":[{""id"":578,""name"":""Rhodesia"",""abbreviation"":""RHO""},{""id"":37,""name"":""New Zealand"",""abbreviation"":""NZL""}],""scores"":[9,13],""status"":""C"",""outcome"":""B"",""events"":[{""id"":626,""label"":""1960 New Zealand Tour of South Africa & Australia"",""sport"":""mru"",""start"":{""millis"":-315619200000,""label"":""1960-01-01""},""end"":{""millis"":-283996801000,""label"":""1960-12-31""}}]}"
7268,,584,Glamis Stadium,Salisbury,Zimbabwe,-299808000000,-299808000000,"Sat 2 Jul 1960, 00:00 GMT",,578,Rhodesia,RHO,37,New Zealand,NZL,14,29,C,B,626,1960 New Zealand Tour of South Africa & Australia,mru,-315619200000,1960-01-01,-283996801000,1960-12-31,"{""matchId"":7268,""venue"":{""id"":584,""name"":""Glamis Stadium"",""city"":""Salisbury"",""country"":""Zimbabwe""},""time"":{""millis"":-299808000000,""label"":""Sat 2 Jul 1960, 00:00 GMT""},""teams"":[{""id"":578,""name"":""Rhodesia"",""abbreviation"":""RHO""},{""id"":37,""name"":""New Zealand"",""abbreviation"":""NZL""}],""scores"":[14,29],""status"":""C"",""outcome"":""B"",""events"":[{""id"":626,""label"":""1960 New Zealand Tour of South Africa & Australia"",""sport"":""mru"",""start"":{""millis"":-315619200000,""label"":""1960-01-01""},""end"":{""millis"":-283996801000,""label"":""1960-12-31""}}]}"
7269,,93,Free State Stadium,Bloemfontein,South Africa,-299462400000,-299462400000,"Wed 6 Jul 1960, 00:00 GMT",,257,Free State,,37,New Zealand,NZL,9,8,C,A,626,1960 New Zealand Tour of South Africa & Australia,mru,-315619200000,1960-01-01,-283996801000,1960-12-31,"{""matchId"":7269,""venue"":{""id"":93,""name"":""Free State Stadium"",""city"":""Bloemfontein"",""country"":""South Africa""},""time"":{""millis"":-299462400000,""label"":""Wed 6 Jul 1960, 00:00 GMT""},""teams"":[{""id"":257,""name"":""Free State""},{""id"":37,""name"":""New Zealand"",""abbreviation"":""NZL""}],""scores"":[9,8],""status"":""C"",""outcome"":""A"",""events"":[{""id"":626,""label"":""1960 New Zealand Tour of South Africa & Australia"",""sport"":""mru"",""start"":{""millis"":-315619200000,""label"":""1960-01-01""},""end"":{""millis"":-283996801000,""label"":""1960-12-31""}}]}"
7270,,61,King's Park,Durban,South Africa,-299203200000,-299203200000,"Sat 9 Jul 1960, 00:00 GMT",,1171,Junior Springboks,,37,New Zealand,NZL,6,20,C,B,626,1960 New Zealand Tour of South Africa & Australia,mru,-315619200000,1960-01-01,-283996801000,1960-12-31,"{""matchId"":7270,""venue"":{""id"":61,""name"":""King's Park"",""city"":""Durban"",""country"":""South Africa""},""time"":{""millis"":-299203200000,""label"":""Sat 9 Jul 1960, 00:00 GMT""},""teams"":[{""id"":1171,""name"":""Junior Springboks""},{""id"":37,""name"":""New Zealand"",""abbreviation"":""NZL""}],""scores"":[6,20],""status"":""C"",""outcome"":""B"",""events"":[{""id"":626,""label"":""1960 New Zealand Tour of South Africa & Australia"",""sport"":""mru"",""start"":{""millis"":-315619200000,""label"":""1960-01-01""},""end"":{""millis"":-283996801000,""label"":""1960-12-31""}}]}"
7271,,91,Boet Erasmus Stadium,Port Elizabeth,South Africa,-298857600000,-298857600000,"Wed 13 Jul 1960, 00:00 GMT",,574,Eastern Province,,37,New Zealand,NZL,3,16,C,B,626,1960 New Zealand Tour of South Africa & Australia,mru,-315619200000,1960-01-01,-283996801000,1960-12-31,"{""matchId"":7271,""venue"":{""id"":91,""name"":""Boet Erasmus Stadium"",""city"":""Port Elizabeth"",""country"":""South Africa""},""time"":{""millis"":-298857600000,""label"":""Wed 13 Jul 1960, 00:00 GMT""},""teams"":[{""id"":574,""name"":""Eastern Province""},{""id"":37,""name"":""New Zealand"",""abbreviation"":""NZL""}],""scores"":[3,16],""status"":""C"",""outcome"":""B"",""events"":[{""id"":626,""label"":""1960 New Zealand Tour of South Africa & Australia"",""sport"":""mru"",""start"":{""millis"":-315619200000,""label"":""1960-01-01""},""end"":{""millis"":-283996801000,""label"":""1960-12-31""}}]}"
7291,,85,Newlands Stadium,Cape Town,South Africa,-298598400000,-298598400000,"Sat 16 Jul 1960, 00:00 GMT",,254,Western Province,,37,New Zealand,NZL,8,20,C,B,626,1960 New Zealand Tour of South Africa & Australia,mru,-315619200000,1960-01-01,-283996801000,1960-12-31,"{""matchId"":7291,""venue"":{""id"":85,""name"":""Newlands Stadium"",""city"":""Cape Town"",""country"":""South Africa""},""time"":{""millis"":-298598400000,""label"":""Sat 16 Jul 1960, 00:00 GMT""},""teams"":[{""id"":254,""name"":""Western Province""},{""id"":37,""name"":""New Zealand"",""abbreviation"":""NZL""}],""scores"":[8,20],""status"":""C"",""outcome"":""B"",""events"":[{""id"":626,""label"":""1960 New Zealand Tour of South Africa & Australia"",""sport"":""mru"",""start"":{""millis"":-315619200000,""label"":""1960-01-01""},""end"":{""millis"":-283996801000,""label"":""1960-12-31""}}]}"
7292,,589,Recreation Ground,Oudtshoorn,South Africa,-298339200000,-298339200000,"Tue 19 Jul 1960, 00:00 GMT",,576,South Western Districts,,37,New Zealand,NZL,9,18,C,B,626,1960 New Zealand Tour of South Africa & Australia,mru,-315619200000,1960-01-01,-283996801000,1960-12-31,"{""matchId"":7292,""venue"":{""id"":589,""name"":""Recreation Ground"",""city"":""Oudtshoorn"",""country"":""South Africa""},""time"":{""millis"":-298339200000,""label"":""Tue 19 Jul 1960, 00:00 GMT""},""teams"":[{""id"":576,""name"":""South Western Districts""},{""id"":37,""name"":""New Zealand"",""abbreviation"":""NZL""}],""scores"":[9,18],""status"":""C"",""outcome"":""B"",""events"":[{""id"":626,""label"":""1960 New Zealand Tour of South Africa & Australia"",""sport"":""mru"",""start"":{""millis"":-315619200000,""label"":""1960-01-01""},""end"":{""millis"":-283996801000,""label"":""1960-12-31""}}]}"
1753,,85,Newlands Stadium,Cape Town,South Africa,-297993600000,-297993600000,"Sat 23 Jul 1960, 00:00 GMT",46000,39,South Africa,RSA,37,New Zealand,NZL,3,11,C,B,626,1960 New Zealand Tour of South Africa & Australia,mru,-315619200000,1960-01-01,-283996801000,1960-12-31,"{""matchId"":1753,""venue"":{""id"":85,""name"":""Newlands Stadium"",""city"":""Cape Town"",""country"":""South Africa""},""time"":{""millis"":-297993600000,""label"":""Sat 23 Jul 1960, 00:00 GMT""},""attendance"":46000,""teams"":[{""id"":39,""name"":""South Africa"",""abbreviation"":""RSA""},{""id"":37,""name"":""New Zealand"",""abbreviation"":""NZL""}],""scores"":[3,11],""status"":""C"",""outcome"":""B"",""events"":[{""id"":626,""label"":""1960 New Zealand Tour of South Africa & Australia"",""sport"":""mru"",""start"":{""millis"":-315619200000,""label"":""1960-01-01""},""end"":{""millis"":-283996801000,""label"":""1960-12-31""}}]}"
3315,,315,Gimnasia y Esgrima de Buenos Aires,Buenos Aires,Argentina,-297993600000,-297993600000,"Sat 23 Jul 1960, 00:00 GMT",30000,40,Argentina,ARG,42,France,FRA,3,37,C,B,704,1960 France Tour of Argentina,mru,-315619200000,1960-01-01,-283996801000,1960-12-31,"{""matchId"":3315,""venue"":{""id"":315,""name"":""Gimnasia y Esgrima de Buenos Aires"",""city"":""Buenos Aires"",""country"":""Argentina""},""time"":{""millis"":-297993600000,""label"":""Sat 23 Jul 1960, 00:00 GMT""},""attendance"":30000,""teams"":[{""id"":40,""name"":""Argentina"",""abbreviation"":""ARG""},{""id"":42,""name"":""France"",""abbreviation"":""FRA""}],""scores"":[3,37],""status"":""C"",""outcome"":""B"",""events"":[{""id"":704,""label"":""1960 France Tour of Argentina"",""sport"":""mru"",""start"":{""millis"":-315619200000,""label"":""1960-01-01""},""end"":{""millis"":-283996801000,""label"":""1960-12-31""}}]}"
7273,,585,Border Ground,East London,South Africa,-297648000000,-297648000000,"Wed 27 Jul 1960, 00:00 GMT",,2118,Central Universities,,37,New Zealand,NZL,12,21,C,B,626,1960 New Zealand Tour of South Africa & Australia,mru,-315619200000,1960-01-01,-283996801000,1960-12-31,"{""matchId"":7273,""venue"":{""id"":585,""name"":""Border Ground"",""city"":""East London"",""country"":""South Africa""},""time"":{""millis"":-297648000000,""label"":""Wed 27 Jul 1960, 00:00 GMT""},""teams"":[{""id"":2118,""name"":""Central Universities""},{""id"":37,""name"":""New Zealand"",""abbreviation"":""NZL""}],""scores"":[12,21],""status"":""C"",""outcome"":""B"",""events"":[{""id"":626,""label"":""1960 New Zealand Tour of South Africa & Australia"",""sport"":""mru"",""start"":{""millis"":-315619200000,""label"":""1960-01-01""},""end"":{""millis"":-283996801000,""label"":""1960-12-31""}}]}"
7277,,124,PAM Brink Stadium,Springs,South Africa,-297388800000,-297388800000,"Sat 30 Jul 1960, 00:00 GMT",,260,Eastern Transvaal,,37,New Zealand,NZL,6,11,C,B,626,1960 New Zealand Tour of South Africa & Australia,mru,-315619200000,1960-01-01,-283996801000,1960-12-31,"{""matchId"":7277,""venue"":{""id"":124,""name"":""PAM Brink Stadium"",""city"":""Springs"",""country"":""South Africa""},""time"":{""millis"":-297388800000,""label"":""Sat 30 Jul 1960, 00:00 GMT""},""teams"":[{""id"":260,""name"":""Eastern Transvaal""},{""id"":37,""name"":""New Zealand"",""abbreviation"":""NZL""}],""scores"":[6,11],""status"":""C"",""outcome"":""B"",""events"":[{""id"":626,""label"":""1960 New Zealand Tour of South Africa & Australia"",""sport"":""mru"",""start"":{""millis"":-315619200000,""label"":""1960-01-01""},""end"":{""millis"":-283996801000,""label"":""1960-12-31""}}]}"
10885,,320,Stade Français,Santiago,Chile,-297216000000,-297216000000,"Mon 1 Aug 1960, 00:00 GMT",,708,Chile,CHL,42,France,FRA,12,55,C,B,,,,,,,,"{""matchId"":10885,""venue"":{""id"":320,""name"":""Stade Français"",""city"":""Santiago"",""country"":""Chile""},""time"":{""millis"":-297216000000,""label"":""Mon 1 Aug 1960, 00:00 GMT""},""teams"":[{""id"":708,""name"":""Chile"",""abbreviation"":""CHL""},{""id"":42,""name"":""France"",""abbreviation"":""FRA""}],""scores"":[12,55],""status"":""C"",""outcome"":""B"",""events"":[]}"
7278,,60,Loftus Versfeld,Pretoria,South Africa,-297043200000,-297043200000,"Wed 3 Aug 1960, 00:00 GMT",,2119,South Africa Combined Services,,37,New Zealand,NZL,8,3,C,A,626,1960 New Zealand Tour of South Africa & Australia,mru,-315619200000,1960-01-01,-283996801000,1960-12-31,"{""matchId"":7278,""venue"":{""id"":60,""name"":""Loftus Versfeld"",""city"":""Pretoria"",""country"":""South Africa""},""time"":{""millis"":-297043200000,""label"":""Wed 3 Aug 1960, 00:00 GMT""},""teams"":[{""id"":2119,""name"":""South Africa Combined Services""},{""id"":37,""name"":""New Zealand"",""abbreviation"":""NZL""}],""scores"":[8,3],""status"":""C"",""outcome"":""A"",""events"":[{""id"":626,""label"":""1960 New Zealand Tour of South Africa & Australia"",""sport"":""mru"",""start"":{""millis"":-315619200000,""label"":""1960-01-01""},""end"":{""millis"":-283996801000,""label"":""1960-12-31""}}]}"
3314,,315,Gimnasia y Esgrima de Buenos Aires,Buenos Aires,Argentina,-296784000000,-296784000000,"Sat 6 Aug 1960, 00:00 GMT",25000,40,Argentina,ARG,42,France,FRA,3,12,C,B,704,1960 France Tour of Argentina,mru,-315619200000,1960-01-01,-283996801000,1960-12-31,"{""matchId"":3314,""venue"":{""id"":315,""name"":""Gimnasia y Esgrima de Buenos Aires"",""city"":""Buenos Aires"",""country"":""Argentina""},""time"":{""millis"":-296784000000,""label"":""Sat 6 Aug 1960, 00:00 GMT""},""attendance"":25000,""teams"":[{""id"":40,""name"":""Argentina"",""abbreviation"":""ARG""},{""id"":42,""name"":""France"",""abbreviation"":""FRA""}],""scores"":[3,12],""status"":""C"",""outcome"":""B"",""events"":[{""id"":704,""label"":""1960 France Tour of Argentina"",""sport"":""mru"",""start"":{""millis"":-315619200000,""label"":""1960-01-01""},""end"":{""millis"":-283996801000,""label"":""1960-12-31""}}]}"
7279,,37,Ellis Park,Johannesburg,South Africa,-296784000000,-296784000000,"Sat 6 Aug 1960, 00:00 GMT",,410,Transvaal,,37,New Zealand,NZL,3,19,C,B,626,1960 New Zealand Tour of South Africa & Australia,mru,-315619200000,1960-01-01,-283996801000,1960-12-31,"{""matchId"":7279,""venue"":{""id"":37,""name"":""Ellis Park"",""city"":""Johannesburg"",""country"":""South Africa""},""time"":{""millis"":-296784000000,""label"":""Sat 6 Aug 1960, 00:00 GMT""},""teams"":[{""id"":410,""name"":""Transvaal""},{""id"":37,""name"":""New Zealand"",""abbreviation"":""NZL""}],""scores"":[3,19],""status"":""C"",""outcome"":""B"",""events"":[{""id"":626,""label"":""1960 New Zealand Tour of South Africa & Australia"",""sport"":""mru"",""start"":{""millis"":-315619200000,""label"":""1960-01-01""},""end"":{""millis"":-283996801000,""label"":""1960-12-31""}}]}"
7280,,214,Olen Park,Potchefstroom,South Africa,-296524800000,-296524800000,"Tue 9 Aug 1960, 00:00 GMT",,579,Western Transvaal,,37,New Zealand,NZL,3,28,C,B,626,1960 New Zealand Tour of South Africa & Australia,mru,-315619200000,1960-01-01,-283996801000,1960-12-31,"{""matchId"":7280,""venue"":{""id"":214,""name"":""Olen Park"",""city"":""Potchefstroom"",""country"":""South Africa""},""time"":{""millis"":-296524800000,""label"":""Tue 9 Aug 1960, 00:00 GMT""},""teams"":[{""id"":579,""name"":""Western Transvaal""},{""id"":37,""name"":""New Zealand"",""abbreviation"":""NZL""}],""scores"":[3,28],""status"":""C"",""outcome"":""B"",""events"":[{""id"":626,""label"":""1960 New Zealand Tour of South Africa & Australia"",""sport"":""mru"",""start"":{""millis"":-315619200000,""label"":""1960-01-01""},""end"":{""millis"":-283996801000,""label"":""1960-12-31""}}]}"
1754,,93,Free State Stadium,Bloemfontein,South Africa,-296179200000,-296179200000,"Sat 13 Aug 1960, 00:00 GMT",56000,39,South Africa,RSA,37,New Zealand,NZL,11,11,C,D,626,1960 New Zealand Tour of South Africa & Australia,mru,-315619200000,1960-01-01,-283996801000,1960-12-31,"{""matchId"":1754,""venue"":{""id"":93,""name"":""Free State Stadium"",""city"":""Bloemfontein"",""country"":""South Africa""},""time"":{""millis"":-296179200000,""label"":""Sat 13 Aug 1960, 00:00 GMT""},""attendance"":56000,""teams"":[{""id"":39,""name"":""South Africa"",""abbreviation"":""RSA""},{""id"":37,""name"":""New Zealand"",""abbreviation"":""NZL""}],""scores"":[11,11],""status"":""C"",""outcome"":""D"",""events"":[{""id"":626,""label"":""1960 New Zealand Tour of South Africa & Australia"",""sport"":""mru"",""start"":{""millis"":-315619200000,""label"":""1960-01-01""},""end"":{""millis"":-283996801000,""label"":""1960-12-31""}}]}"
3313,,315,Gimnasia y Esgrima de Buenos Aires,Buenos Aires,Argentina,-295833600000,-295833600000,"Wed 17 Aug 1960, 00:00 GMT",25000,40,Argentina,ARG,42,France,FRA,6,29,C,B,704,1960 France Tour of Argentina,mru,-315619200000,1960-01-01,-283996801000,1960-12-31,"{""matchId"":3313,""venue"":{""id"":315,""name"":""Gimnasia y Esgrima de Buenos Aires"",""city"":""Buenos Aires"",""country"":""Argentina""},""time"":{""millis"":-295833600000,""label"":""Wed 17 Aug 1960, 00:00 GMT""},""attendance"":25000,""teams"":[{""id"":40,""name"":""Argentina"",""abbreviation"":""ARG""},{""id"":42,""name"":""France"",""abbreviation"":""FRA""}],""scores"":[6,29],""status"":""C"",""outcome"":""B"",""events"":[{""id"":704,""label"":""1960 France Tour of Argentina"",""sport"":""mru"",""start"":{""millis"":-315619200000,""label"":""1960-01-01""},""end"":{""millis"":-283996801000,""label"":""1960-12-31""}}]}"
7281,,587,Ackermann Park,Aliwal North,South Africa,-295833600000,-295833600000,"Wed 17 Aug 1960, 00:00 GMT",,2064,North Eastern Districts,,37,New Zealand,NZL,6,15,C,B,626,1960 New Zealand Tour of South Africa & Australia,mru,-315619200000,1960-01-01,-283996801000,1960-12-31,"{""matchId"":7281,""venue"":{""id"":587,""name"":""Ackermann Park"",""city"":""Aliwal North"",""country"":""South Africa""},""time"":{""millis"":-295833600000,""label"":""Wed 17 Aug 1960, 00:00 GMT""},""teams"":[{""id"":2064,""name"":""North Eastern Districts""},{""id"":37,""name"":""New Zealand"",""abbreviation"":""NZL""}],""scores"":[6,15],""status"":""C"",""outcome"":""B"",""events"":[{""id"":626,""label"":""1960 New Zealand Tour of South Africa & Australia"",""sport"":""mru"",""start"":{""millis"":-315619200000,""label"":""1960-01-01""},""end"":{""millis"":-283996801000,""label"":""1960-12-31""}}]}"
4389,,163,Carrasco Polo Club,Montevideo,Uruguay,-295574400000,-295574400000,"Sat 20 Aug 1960, 00:00 GMT",,68,Uruguay,URU,42,France,FRA,0,61,C,B,,,,,,,,"{""matchId"":4389,""venue"":{""id"":163,""name"":""Carrasco Polo Club"",""city"":""Montevideo"",""country"":""Uruguay""},""time"":{""millis"":-295574400000,""label"":""Sat 20 Aug 1960, 00:00 GMT""},""teams"":[{""id"":68,""name"":""Uruguay"",""abbreviation"":""URU""},{""id"":42,""name"":""France"",""abbreviation"":""FRA""}],""scores"":[0,61],""status"":""C"",""outcome"":""B"",""events"":[]}"
7287,,588,Rugby Union Ground,East London,South Africa,-295574400000,-295574400000,"Sat 20 Aug 1960, 00:00 GMT",,573,Border,,37,New Zealand,NZL,3,30,C,B,626,1960 New Zealand Tour of South Africa & Australia,mru,-315619200000,1960-01-01,-283996801000,1960-12-31,"{""matchId"":7287,""venue"":{""id"":588,""name"":""Rugby Union Ground"",""city"":""East London"",""country"":""South Africa""},""time"":{""millis"":-295574400000,""label"":""Sat 20 Aug 1960, 00:00 GMT""},""teams"":[{""id"":573,""name"":""Border""},{""id"":37,""name"":""New Zealand"",""abbreviation"":""NZL""}],""scores"":[3,30],""status"":""C"",""outcome"":""B"",""events"":[{""id"":626,""label"":""1960 New Zealand Tour of South Africa & Australia"",""sport"":""mru"",""start"":{""millis"":-315619200000,""label"":""1960-01-01""},""end"":{""millis"":-283996801000,""label"":""1960-12-31""}}]}"
1755,,91,Boet Erasmus Stadium,Port Elizabeth,South Africa,-294969600000,-294969600000,"Sat 27 Aug 1960, 00:00 GMT",60000,39,South Africa,RSA,37,New Zealand,NZL,8,3,C,A,626,1960 New Zealand Tour of South Africa & Australia,mru,-315619200000,1960-01-01,-283996801000,1960-12-31,"{""matchId"":1755,""venue"":{""id"":91,""name"":""Boet Erasmus Stadium"",""city"":""Port Elizabeth"",""country"":""South Africa""},""time"":{""millis"":-294969600000,""label"":""Sat 27 Aug 1960, 00:00 GMT""},""attendance"":60000,""teams"":[{""id"":39,""name"":""South Africa"",""abbreviation"":""RSA""},{""id"":37,""name"":""New Zealand"",""abbreviation"":""NZL""}],""scores"":[8,3],""status"":""C"",""outcome"":""A"",""events"":[{""id"":626,""label"":""1960 New Zealand Tour of South Africa & Australia"",""sport"":""mru"",""start"":{""millis"":-315619200000,""label"":""1960-01-01""},""end"":{""millis"":-283996801000,""label"":""1960-12-31""}}]}"
7290,,37,Ellis Park,Johannesburg,South Africa,-294364800000,-294364800000,"Sat 3 Sep 1960, 00:00 GMT",,2120,Transvaal XV,,37,New Zealand,NZL,3,9,C,B,626,1960 New Zealand Tour of South Africa & Australia,mru,-315619200000,1960-01-01,-283996801000,1960-12-31,"{""matchId"":7290,""venue"":{""id"":37,""name"":""Ellis Park"",""city"":""Johannesburg"",""country"":""South Africa""},""time"":{""millis"":-294364800000,""label"":""Sat 3 Sep 1960, 00:00 GMT""},""teams"":[{""id"":2120,""name"":""Transvaal XV""},{""id"":37,""name"":""New Zealand"",""abbreviation"":""NZL""}],""scores"":[3,9],""status"":""C"",""outcome"":""B"",""events"":[{""id"":626,""label"":""1960 New Zealand Tour of South Africa & Australia"",""sport"":""mru"",""start"":{""millis"":-315619200000,""label"":""1960-01-01""},""end"":{""millis"":-283996801000,""label"":""1960-12-31""}}]}"
8764,,,,,,-291859200000,-291859200000,"Sun 2 Oct 1960, 00:00 GMT",,769,Sweden,SWE,715,Denmark,DEN,11,3,C,A,,,,,,,,"{""matchId"":8764,""time"":{""millis"":-291859200000,""label"":""Sun 2 Oct 1960, 00:00 GMT""},""teams"":[{""id"":769,""name"":""Sweden"",""abbreviation"":""SWE""},{""id"":715,""name"":""Denmark"",""abbreviation"":""DEN""}],""scores"":[11,3],""status"":""C"",""outcome"":""A"",""events"":[]}"
7736,,233,Greyhound Stadium,Brighton,England,-290131200000,-290131200000,"Sat 22 Oct 1960, 00:00 GMT",,1174,Southern Counties,,39,South Africa,RSA,9,29,C,B,42,1960 South Africa Tour of UK & France,mru,-315619200000,1960-01-01,-252460801000,1961-12-31,"{""matchId"":7736,""venue"":{""id"":233,""name"":""Greyhound Stadium"",""city"":""Brighton"",""country"":""England""},""time"":{""millis"":-290131200000,""label"":""Sat 22 Oct 1960, 00:00 GMT""},""teams"":[{""id"":1174,""name"":""Southern Counties""},{""id"":39,""name"":""South Africa"",""abbreviation"":""RSA""}],""scores"":[9,29],""status"":""C"",""outcome"":""B"",""events"":[{""id"":42,""label"":""1960 South Africa Tour of UK & France"",""sport"":""mru"",""start"":{""millis"":-315619200000,""label"":""1960-01-01""},""end"":{""millis"":-252460801000,""label"":""1961-12-31""}}]}"
7737,,396,Iffley Road,Oxford,England,-289785600000,-289785600000,"Wed 26 Oct 1960, 00:00 GMT",,9,Oxford University,,39,South Africa,RSA,5,24,C,B,42,1960 South Africa Tour of UK & France,mru,-315619200000,1960-01-01,-252460801000,1961-12-31,"{""matchId"":7737,""venue"":{""id"":396,""name"":""Iffley Road"",""city"":""Oxford"",""country"":""England""},""time"":{""millis"":-289785600000,""label"":""Wed 26 Oct 1960, 00:00 GMT""},""teams"":[{""id"":9,""name"":""Oxford University""},{""id"":39,""name"":""South Africa"",""abbreviation"":""RSA""}],""scores"":[5,24],""status"":""C"",""outcome"":""B"",""events"":[{""id"":42,""label"":""1960 South Africa Tour of UK & France"",""sport"":""mru"",""start"":{""millis"":-315619200000,""label"":""1960-01-01""},""end"":{""millis"":-252460801000,""label"":""1961-12-31""}}]}"
7738,,2,Cardiff Arms Park,Cardiff,Wales,-289526400000,-289526400000,"Sat 29 Oct 1960, 00:00 GMT",,3,Cardiff,,39,South Africa,RSA,0,13,C,B,42,1960 South Africa Tour of UK & France,mru,-315619200000,1960-01-01,-252460801000,1961-12-31,"{""matchId"":7738,""venue"":{""id"":2,""name"":""Cardiff Arms Park"",""city"":""Cardiff"",""country"":""Wales""},""time"":{""millis"":-289526400000,""label"":""Sat 29 Oct 1960, 00:00 GMT""},""teams"":[{""id"":3,""name"":""Cardiff""},{""id"":39,""name"":""South Africa"",""abbreviation"":""RSA""}],""scores"":[0,13],""status"":""C"",""outcome"":""B"",""events"":[{""id"":42,""label"":""1960 South Africa Tour of UK & France"",""sport"":""mru"",""start"":{""millis"":-315619200000,""label"":""1960-01-01""},""end"":{""millis"":-252460801000,""label"":""1961-12-31""}}]}"
7739,,106,Pontypool Park,Pontypool,Wales,-289180800000,-289180800000,"Wed 2 Nov 1960, 00:00 GMT",,2147,Pontypool & Cross Keys,,39,South Africa,RSA,3,30,C,B,42,1960 South Africa Tour of UK & France,mru,-315619200000,1960-01-01,-252460801000,1961-12-31,"{""matchId"":7739,""venue"":{""id"":106,""name"":""Pontypool Park"",""city"":""Pontypool"",""country"":""Wales""},""time"":{""millis"":-289180800000,""label"":""Wed 2 Nov 1960, 00:00 GMT""},""teams"":[{""id"":2147,""name"":""Pontypool & Cross Keys""},{""id"":39,""name"":""South Africa"",""abbreviation"":""RSA""}],""scores"":[3,30],""status"":""C"",""outcome"":""B"",""events"":[{""id"":42,""label"":""1960 South Africa Tour of UK & France"",""sport"":""mru"",""start"":{""millis"":-315619200000,""label"":""1960-01-01""},""end"":{""millis"":-252460801000,""label"":""1961-12-31""}}]}"
7740,,31,Welford Road,Leicester,England,-288921600000,-288921600000,"Sat 5 Nov 1960, 00:00 GMT",,1186,Midland Counties,,39,South Africa,RSA,3,3,C,D,42,1960 South Africa Tour of UK & France,mru,-315619200000,1960-01-01,-252460801000,1961-12-31,"{""matchId"":7740,""venue"":{""id"":31,""name"":""Welford Road"",""city"":""Leicester"",""country"":""England""},""time"":{""millis"":-288921600000,""label"":""Sat 5 Nov 1960, 00:00 GMT""},""teams"":[{""id"":1186,""name"":""Midland Counties""},{""id"":39,""name"":""South Africa"",""abbreviation"":""RSA""}],""scores"":[3,3],""status"":""C"",""outcome"":""D"",""events"":[{""id"":42,""label"":""1960 South Africa Tour of UK & France"",""sport"":""mru"",""start"":{""millis"":-315619200000,""label"":""1960-01-01""},""end"":{""millis"":-252460801000,""label"":""1961-12-31""}}]}"
7741,,503,Grange Road,Cambridge,England,-288576000000,-288576000000,"Wed 9 Nov 1960, 00:00 GMT",,13,Cambridge University,,39,South Africa,RSA,0,12,C,B,42,1960 South Africa Tour of UK & France,mru,-315619200000,1960-01-01,-252460801000,1961-12-31,"{""matchId"":7741,""venue"":{""id"":503,""name"":""Grange Road"",""city"":""Cambridge"",""country"":""England""},""time"":{""millis"":-288576000000,""label"":""Wed 9 Nov 1960, 00:00 GMT""},""teams"":[{""id"":13,""name"":""Cambridge University""},{""id"":39,""name"":""South Africa"",""abbreviation"":""RSA""}],""scores"":[0,12],""status"":""C"",""outcome"":""B"",""events"":[{""id"":42,""label"":""1960 South Africa Tour of UK & France"",""sport"":""mru"",""start"":{""millis"":-315619200000,""label"":""1960-01-01""},""end"":{""millis"":-252460801000,""label"":""1961-12-31""}}]}"
7742,,3,Twickenham,London,England,-288316800000,-288316800000,"Sat 12 Nov 1960, 00:00 GMT",,1725,London Counties,,39,South Africa,RSA,3,20,C,B,42,1960 South Africa Tour of UK & France,mru,-315619200000,1960-01-01,-252460801000,1961-12-31,"{""matchId"":7742,""venue"":{""id"":3,""name"":""Twickenham"",""city"":""London"",""country"":""England""},""time"":{""millis"":-288316800000,""label"":""Sat 12 Nov 1960, 00:00 GMT""},""teams"":[{""id"":1725,""name"":""London Counties""},{""id"":39,""name"":""South Africa"",""abbreviation"":""RSA""}],""scores"":[3,20],""status"":""C"",""outcome"":""B"",""events"":[{""id"":42,""label"":""1960 South Africa Tour of UK & France"",""sport"":""mru"",""start"":{""millis"":-315619200000,""label"":""1960-01-01""},""end"":{""millis"":-252460801000,""label"":""1961-12-31""}}]}"
7743,,557,Hughenden,Glasgow,Scotland,-287971200000,-287971200000,"Wed 16 Nov 1960, 00:00 GMT",,1134,Glasgow / Edinburgh,,39,South Africa,RSA,11,16,C,B,42,1960 South Africa Tour of UK & France,mru,-315619200000,1960-01-01,-252460801000,1961-12-31,"{""matchId"":7743,""venue"":{""id"":557,""name"":""Hughenden"",""city"":""Glasgow"",""country"":""Scotland""},""time"":{""millis"":-287971200000,""label"":""Wed 16 Nov 1960, 00:00 GMT""},""teams"":[{""id"":1134,""name"":""Glasgow / Edinburgh""},{""id"":39,""name"":""South Africa"",""abbreviation"":""RSA""}],""scores"":[11,16],""status"":""C"",""outcome"":""B"",""events"":[{""id"":42,""label"":""1960 South Africa Tour of UK & France"",""sport"":""mru"",""start"":{""millis"":-315619200000,""label"":""1960-01-01""},""end"":{""millis"":-252460801000,""label"":""1961-12-31""}}]}"
7744,,502,Mansfield Park,Hawick,Scotland,-287712000000,-287712000000,"Sat 19 Nov 1960, 00:00 GMT",,1729,South of Scotland,,39,South Africa,RSA,3,19,C,B,42,1960 South Africa Tour of UK & France,mru,-315619200000,1960-01-01,-252460801000,1961-12-31,"{""matchId"":7744,""venue"":{""id"":502,""name"":""Mansfield Park"",""city"":""Hawick"",""country"":""Scotland""},""time"":{""millis"":-287712000000,""label"":""Sat 19 Nov 1960, 00:00 GMT""},""teams"":[{""id"":1729,""name"":""South of Scotland""},{""id"":39,""name"":""South Africa"",""abbreviation"":""RSA""}],""scores"":[3,19],""status"":""C"",""outcome"":""B"",""events"":[{""id"":42,""label"":""1960 South Africa Tour of UK & France"",""sport"":""mru"",""start"":{""millis"":-315619200000,""label"":""1960-01-01""},""end"":{""millis"":-252460801000,""label"":""1961-12-31""}}]}"
7745,,626,Main Road Ground,Manchester,England,-287366400000,-287366400000,"Wed 23 Nov 1960, 00:00 GMT",,1916,North West Counties,,39,South Africa,RSA,0,11,C,B,42,1960 South Africa Tour of UK & France,mru,-315619200000,1960-01-01,-252460801000,1961-12-31,"{""matchId"":7745,""venue"":{""id"":626,""name"":""Main Road Ground"",""city"":""Manchester"",""country"":""England""},""time"":{""millis"":-287366400000,""label"":""Wed 23 Nov 1960, 00:00 GMT""},""teams"":[{""id"":1916,""name"":""North West Counties""},{""id"":39,""name"":""South Africa"",""abbreviation"":""RSA""}],""scores"":[0,11],""status"":""C"",""outcome"":""B"",""events"":[{""id"":42,""label"":""1960 South Africa Tour of UK & France"",""sport"":""mru"",""start"":{""millis"":-315619200000,""label"":""1960-01-01""},""end"":{""millis"":-252460801000,""label"":""1961-12-31""}}]}"
7746,,9,St Helen's,Swansea,Wales,-287107200000,-287107200000,"Sat 26 Nov 1960, 00:00 GMT",,4,Swansea,,39,South Africa,RSA,3,19,C,B,42,1960 South Africa Tour of UK & France,mru,-315619200000,1960-01-01,-252460801000,1961-12-31,"{""matchId"":7746,""venue"":{""id"":9,""name"":""St Helen's"",""city"":""Swansea"",""country"":""Wales""},""time"":{""millis"":-287107200000,""label"":""Sat 26 Nov 1960, 00:00 GMT""},""teams"":[{""id"":4,""name"":""Swansea""},{""id"":39,""name"":""South Africa"",""abbreviation"":""RSA""}],""scores"":[3,19],""status"":""C"",""outcome"":""B"",""events"":[{""id"":42,""label"":""1960 South Africa Tour of UK & France"",""sport"":""mru"",""start"":{""millis"":-315619200000,""label"":""1960-01-01""},""end"":{""millis"":-252460801000,""label"":""1961-12-31""}}]}"
7747,,627,Welfare Ground,Ebbw Vale,Wales,-286848000000,-286848000000,"Tue 29 Nov 1960, 00:00 GMT",,1184,Abertillery/Ebbw Vale,,39,South Africa,RSA,0,3,C,B,42,1960 South Africa Tour of UK & France,mru,-315619200000,1960-01-01,-252460801000,1961-12-31,"{""matchId"":7747,""venue"":{""id"":627,""name"":""Welfare Ground"",""city"":""Ebbw Vale"",""country"":""Wales""},""time"":{""millis"":-286848000000,""label"":""Tue 29 Nov 1960, 00:00 GMT""},""teams"":[{""id"":1184,""name"":""Abertillery/Ebbw Vale""},{""id"":39,""name"":""South Africa"",""abbreviation"":""RSA""}],""scores"":[0,3],""status"":""C"",""outcome"":""B"",""events"":[{""id"":42,""label"":""1960 South Africa Tour of UK & France"",""sport"":""mru"",""start"":{""millis"":-315619200000,""label"":""1960-01-01""},""end"":{""millis"":-252460801000,""label"":""1961-12-31""}}]}"
492,,2,Cardiff Arms Park,Cardiff,Wales,-286450200000,-286450200000,"Sat 3 Dec 1960, 14:30 GMT",53000,33,Wales,WAL,39,South Africa,RSA,0,3,C,B,42,1960 South Africa Tour of UK & France,mru,-315619200000,1960-01-01,-252460801000,1961-12-31,"{""matchId"":492,""venue"":{""id"":2,""name"":""Cardiff Arms Park"",""city"":""Cardiff"",""country"":""Wales""},""time"":{""millis"":-286450200000,""label"":""Sat 3 Dec 1960, 14:30 GMT""},""attendance"":53000,""teams"":[{""id"":33,""name"":""Wales"",""abbreviation"":""WAL""},{""id"":39,""name"":""South Africa"",""abbreviation"":""RSA""}],""scores"":[0,3],""status"":""C"",""outcome"":""B"",""events"":[{""id"":42,""label"":""1960 South Africa Tour of UK & France"",""sport"":""mru"",""start"":{""millis"":-315619200000,""label"":""1960-01-01""},""end"":{""millis"":-252460801000,""label"":""1961-12-31""}}]}"
7748,,628,Memorial Ground,Camborne,England,-286156800000,-286156800000,"Wed 7 Dec 1960, 00:00 GMT",,1767,South Western Counties,,39,South Africa,RSA,9,21,C,B,42,1960 South Africa Tour of UK & France,mru,-315619200000,1960-01-01,-252460801000,1961-12-31,"{""matchId"":7748,""venue"":{""id"":628,""name"":""Memorial Ground"",""city"":""Camborne"",""country"":""England""},""time"":{""millis"":-286156800000,""label"":""Wed 7 Dec 1960, 00:00 GMT""},""teams"":[{""id"":1767,""name"":""South Western Counties""},{""id"":39,""name"":""South Africa"",""abbreviation"":""RSA""}],""scores"":[9,21],""status"":""C"",""outcome"":""B"",""events"":[{""id"":42,""label"":""1960 South Africa Tour of UK & France"",""sport"":""mru"",""start"":{""millis"":-315619200000,""label"":""1960-01-01""},""end"":{""millis"":-252460801000,""label"":""1961-12-31""}}]}"
7749,,30,Kingsholm,Gloucester,England,-285897600000,-285897600000,"Sat 10 Dec 1960, 00:00 GMT",,1764,Western Counties,,39,South Africa,RSA,0,42,C,B,42,1960 South Africa Tour of UK & France,mru,-315619200000,1960-01-01,-252460801000,1961-12-31,"{""matchId"":7749,""venue"":{""id"":30,""name"":""Kingsholm"",""city"":""Gloucester"",""country"":""England""},""time"":{""millis"":-285897600000,""label"":""Sat 10 Dec 1960, 00:00 GMT""},""teams"":[{""id"":1764,""name"":""Western Counties""},{""id"":39,""name"":""South Africa"",""abbreviation"":""RSA""}],""scores"":[0,42],""status"":""C"",""outcome"":""B"",""events"":[{""id"":42,""label"":""1960 South Africa Tour of UK & France"",""sport"":""mru"",""start"":{""millis"":-315619200000,""label"":""1960-01-01""},""end"":{""millis"":-252460801000,""label"":""1961-12-31""}}]}"
7750,,17,Stradey Park,Llanelli,Wales,-285638400000,-285638400000,"Tue 13 Dec 1960, 00:00 GMT",,2,Llanelli,,39,South Africa,RSA,0,21,C,B,42,1960 South Africa Tour of UK & France,mru,-315619200000,1960-01-01,-252460801000,1961-12-31,"{""matchId"":7750,""venue"":{""id"":17,""name"":""Stradey Park"",""city"":""Llanelli"",""country"":""Wales""},""time"":{""millis"":-285638400000,""label"":""Tue 13 Dec 1960, 00:00 GMT""},""teams"":[{""id"":2,""name"":""Llanelli""},{""id"":39,""name"":""South Africa"",""abbreviation"":""RSA""}],""scores"":[0,21],""status"":""C"",""outcome"":""B"",""events"":[{""id"":42,""label"":""1960 South Africa Tour of UK & France"",""sport"":""mru"",""start"":{""millis"":-315619200000,""label"":""1960-01-01""},""end"":{""millis"":-252460801000,""label"":""1961-12-31""}}]}"
1938,,4,Lansdowne Road,Dublin,Ireland,-285292800000,-285292800000,"Sat 17 Dec 1960, 00:00 GMT",40000,36,Ireland,IRE,39,South Africa,RSA,3,8,C,B,42,1960 South Africa Tour of UK & France,mru,-315619200000,1960-01-01,-252460801000,1961-12-31,"{""matchId"":1938,""venue"":{""id"":4,""name"":""Lansdowne Road"",""city"":""Dublin"",""country"":""Ireland""},""time"":{""millis"":-285292800000,""label"":""Sat 17 Dec 1960, 00:00 GMT""},""attendance"":40000,""teams"":[{""id"":36,""name"":""Ireland"",""abbreviation"":""IRE""},{""id"":39,""name"":""South Africa"",""abbreviation"":""RSA""}],""scores"":[3,8],""status"":""C"",""outcome"":""B"",""events"":[{""id"":42,""label"":""1960 South Africa Tour of UK & France"",""sport"":""mru"",""start"":{""millis"":-315619200000,""label"":""1960-01-01""},""end"":{""millis"":-252460801000,""label"":""1961-12-31""}}]}"
7751,,532,Musgrave Park,Cork,Ireland,-284947200000,-284947200000,"Wed 21 Dec 1960, 00:00 GMT",,1138,Munster,,39,South Africa,RSA,3,9,C,B,42,1960 South Africa Tour of UK & France,mru,-315619200000,1960-01-01,-252460801000,1961-12-31,"{""matchId"":7751,""venue"":{""id"":532,""name"":""Musgrave Park"",""city"":""Cork"",""country"":""Ireland""},""time"":{""millis"":-284947200000,""label"":""Wed 21 Dec 1960, 00:00 GMT""},""teams"":[{""id"":1138,""name"":""Munster""},{""id"":39,""name"":""South Africa"",""abbreviation"":""RSA""}],""scores"":[3,9],""status"":""C"",""outcome"":""B"",""events"":[{""id"":42,""label"":""1960 South Africa Tour of UK & France"",""sport"":""mru"",""start"":{""millis"":-315619200000,""label"":""1960-01-01""},""end"":{""millis"":-252460801000,""label"":""1961-12-31""}}]}"
7752,,3,Twickenham,London,England,-284515200000,-284515200000,"Mon 26 Dec 1960, 00:00 GMT",,1210,Combined Services,,39,South Africa,RSA,5,14,C,B,42,1960 South Africa Tour of UK & France,mru,-315619200000,1960-01-01,-252460801000,1961-12-31,"{""matchId"":7752,""venue"":{""id"":3,""name"":""Twickenham"",""city"":""London"",""country"":""England""},""time"":{""millis"":-284515200000,""label"":""Mon 26 Dec 1960, 00:00 GMT""},""teams"":[{""id"":1210,""name"":""Combined Services""},{""id"":39,""name"":""South Africa"",""abbreviation"":""RSA""}],""scores"":[5,14],""status"":""C"",""outcome"":""B"",""events"":[{""id"":42,""label"":""1960 South Africa Tour of UK & France"",""sport"":""mru"",""start"":{""millis"":-315619200000,""label"":""1960-01-01""},""end"":{""millis"":-252460801000,""label"":""1961-12-31""}}]}"
7753,,629,St Andrews Ground,Birmingham,England,-284342400000,-284342400000,"Wed 28 Dec 1960, 00:00 GMT",,1186,Midland Counties,,39,South Africa,RSA,5,16,C,B,42,1960 South Africa Tour of UK & France,mru,-315619200000,1960-01-01,-252460801000,1961-12-31,"{""matchId"":7753,""venue"":{""id"":629,""name"":""St Andrews Ground"",""city"":""Birmingham"",""country"":""England""},""time"":{""millis"":-284342400000,""label"":""Wed 28 Dec 1960, 00:00 GMT""},""teams"":[{""id"":1186,""name"":""Midland Counties""},{""id"":39,""name"":""South Africa"",""abbreviation"":""RSA""}],""scores"":[5,16],""status"":""C"",""outcome"":""B"",""events"":[{""id"":42,""label"":""1960 South Africa Tour of UK & France"",""sport"":""mru"",""start"":{""millis"":-315619200000,""label"":""1960-01-01""},""end"":{""millis"":-252460801000,""label"":""1961-12-31""}}]}"
7754,,377,County Ground,Gosforth,England,-284083200000,-284083200000,"Sat 31 Dec 1960, 00:00 GMT",,1915,North East Counties,,39,South Africa,RSA,9,21,C,B,42,1960 South Africa Tour of UK & France,mru,-315619200000,1960-01-01,-252460801000,1961-12-31,"{""matchId"":7754,""venue"":{""id"":377,""name"":""County Ground"",""city"":""Gosforth"",""country"":""England""},""time"":{""millis"":-284083200000,""label"":""Sat 31 Dec 1960, 00:00 GMT""},""teams"":[{""id"":1915,""name"":""North East Counties""},{""id"":39,""name"":""South Africa"",""abbreviation"":""RSA""}],""scores"":[9,21],""status"":""C"",""outcome"":""B"",""events"":[{""id"":42,""label"":""1960 South Africa Tour of UK & France"",""sport"":""mru"",""start"":{""millis"":-315619200000,""label"":""1960-01-01""},""end"":{""millis"":-252460801000,""label"":""1961-12-31""}}]}"
